duration, execution, speed, cycle, tuple, exception type, exception, flip1-tuple, flip1-exec, flip2-tuples, flip2-exec, flip4-tuple, flip4-exec, flip8-tuple, flip8-exec, flip16-tuple, flip16-exec, flip32-tuple, flip32-exec, arith8-tuple, arith8-exec, arith16-tuple, arith16-exec, arith32-tuple, arith32-exec, int8-tuple, int8-exec, int16-tuple, int16-exec, int32-tuple, int32-exec, ext_UO-tuple, ext_UO-exec, ext_AO-tuple, ext_AO-exec, havoc-tuple, havoc-exec, max depth, gasless, disorder, reentrancy, timestamp, number, delegate, freezing, branches, coverage, callorder, predicates, random-havoc, heuristic-havoc, overflow, underflow
0.00285,2,701.262,0,1,0,0,0,0,0,0,0,0,0,0,0,0,0,0,0,0,0,0,0,0,0,0,0,0,0,0,0,0,0,0,0,0,1,0,0,0,0,0,0,0,1,4,0,0,0,0,0,0
5.00012,84134,16826.4,4625,1,0,0,0,768,0,767,0,765,0,96,0,32,0,32,0,1792,0,2032,0,1088,0,96,0,544,0,848,0,2,0,1264,0,74000,1,0,0,0,0,0,0,0,1,4,0,0,0,0,0,0
10.0001,164611,16460.9,9655,1,0,0,0,768,0,767,0,765,0,96,0,32,0,32,0,1792,0,2032,0,1088,0,96,0,544,0,848,0,2,0,1264,0,154480,1,0,0,0,0,0,0,0,1,4,0,0,0,0,0,0
15.0001,246493,16432.8,14772,1,0,0,0,768,0,767,0,765,0,96,0,32,0,32,0,1792,0,2032,0,1088,0,96,0,544,0,848,0,2,0,1264,0,236352,1,0,0,0,0,0,0,0,1,4,0,0,0,0,0,0
20.0003,327501,16374.8,19835,1,0,0,0,768,0,767,0,765,0,96,0,32,0,32,0,1792,0,2032,0,1088,0,96,0,544,0,848,0,2,0,1264,0,317360,1,0,0,0,0,0,0,0,1,4,0,0,0,0,0,0
25.0001,410640,16425.5,25032,1,0,0,0,768,0,767,0,765,0,96,0,32,0,32,0,1792,0,2032,0,1088,0,96,0,544,0,848,0,2,0,1264,0,400512,1,0,0,0,0,0,0,0,1,4,0,0,0,0,0,0
30.0001,492757,16425.2,30164,1,0,0,0,768,0,767,0,765,0,96,0,32,0,32,0,1792,0,2032,0,1088,0,96,0,544,0,848,0,2,0,1264,0,482624,1,0,0,0,0,0,0,0,1,4,0,0,0,0,0,0
35.0001,572194,16348.3,35129,1,0,0,0,768,0,767,0,765,0,96,0,32,0,32,0,1792,0,2032,0,1088,0,96,0,544,0,848,0,2,0,1264,0,562064,1,0,0,0,0,0,0,0,1,4,0,0,0,0,0,0
40.0001,660890,16522.2,40672,1,0,0,0,768,0,767,0,765,0,96,0,32,0,32,0,1792,0,2032,0,1088,0,96,0,544,0,848,0,2,0,1264,0,650752,1,0,0,0,0,0,0,0,1,4,0,0,0,0,0,0
45.0002,737227,16382.8,45443,1,0,0,0,768,0,767,0,765,0,96,0,32,0,32,0,1792,0,2032,0,1088,0,96,0,544,0,848,0,2,0,1264,0,727088,1,0,0,0,0,0,0,0,1,4,0,0,0,0,0,0
50.0001,820828,16416.5,50668,1,0,0,0,768,0,767,0,765,0,96,0,32,0,32,0,1792,0,2032,0,1088,0,96,0,544,0,848,0,2,0,1264,0,810688,1,0,0,0,0,0,0,0,1,4,0,0,0,0,0,0
55.0002,898719,16340.3,55536,1,0,0,0,768,0,767,0,765,0,96,0,32,0,32,0,1792,0,2032,0,1088,0,96,0,544,0,848,0,2,0,1264,0,888576,1,0,0,0,0,0,0,0,1,4,0,0,0,0,0,0
60.0001,982004,16366.7,60742,1,0,0,0,768,0,767,0,765,0,96,0,32,0,32,0,1792,0,2032,0,1088,0,96,0,544,0,848,0,2,0,1264,0,971872,1,0,0,0,0,0,0,0,1,4,0,0,0,0,0,0
65.0001,1064275,16373.4,65884,1,0,0,0,768,0,767,0,765,0,96,0,32,0,32,0,1792,0,2032,0,1088,0,96,0,544,0,848,0,2,0,1264,0,1054144,1,0,0,0,0,0,0,0,1,4,0,0,0,0,0,0
70.0001,1147694,16395.6,71097,1,0,0,0,768,0,767,0,765,0,96,0,32,0,32,0,1792,0,2032,0,1088,0,96,0,544,0,848,0,2,0,1264,0,1137552,1,0,0,0,0,0,0,0,1,4,0,0,0,0,0,0
75.0001,1230313,16404.1,76261,1,0,0,0,768,0,767,0,765,0,96,0,32,0,32,0,1792,0,2032,0,1088,0,96,0,544,0,848,0,2,0,1264,0,1220176,1,0,0,0,0,0,0,0,1,4,0,0,0,0,0,0
80.0001,1314153,16426.9,81501,1,0,0,0,768,0,767,0,765,0,96,0,32,0,32,0,1792,0,2032,0,1088,0,96,0,544,0,848,0,2,0,1264,0,1304016,1,0,0,0,0,0,0,0,1,4,0,0,0,0,0,0
85.0001,1397156,16437.1,86689,1,0,0,0,768,0,767,0,765,0,96,0,32,0,32,0,1792,0,2032,0,1088,0,96,0,544,0,848,0,2,0,1264,0,1387024,1,0,0,0,0,0,0,0,1,4,0,0,0,0,0,0
90.0001,1479521,16439.1,91837,1,0,0,0,768,0,767,0,765,0,96,0,32,0,32,0,1792,0,2032,0,1088,0,96,0,544,0,848,0,2,0,1264,0,1469392,1,0,0,0,0,0,0,0,1,4,0,0,0,0,0,0
95.0001,1558743,16407.8,96788,1,0,0,0,768,0,767,0,765,0,96,0,32,0,32,0,1792,0,2032,0,1088,0,96,0,544,0,848,0,2,0,1264,0,1548608,1,0,0,0,0,0,0,0,1,4,0,0,0,0,0,0
100,1639418,16394.2,101830,1,0,0,0,768,0,767,0,765,0,96,0,32,0,32,0,1792,0,2032,0,1088,0,96,0,544,0,848,0,2,0,1264,0,1629280,1,0,0,0,0,0,0,0,1,4,0,0,0,0,0,0
105,1721496,16395.2,106960,1,0,0,0,768,0,767,0,765,0,96,0,32,0,32,0,1792,0,2032,0,1088,0,96,0,544,0,848,0,2,0,1264,0,1711360,1,0,0,0,0,0,0,0,1,4,0,0,0,0,0,0
110,1799832,16362.1,111856,1,0,0,0,768,0,767,0,765,0,96,0,32,0,32,0,1792,0,2032,0,1088,0,96,0,544,0,848,0,2,0,1264,0,1789696,1,0,0,0,0,0,0,0,1,4,0,0,0,0,0,0
115,1857314,16150.5,115449,1,0,0,0,768,0,767,0,765,0,96,0,32,0,32,0,1792,0,2032,0,1088,0,96,0,544,0,848,0,2,0,1264,0,1847184,1,0,0,0,0,0,0,0,1,4,0,0,0,0,0,0
120,1937554,16146.3,120464,1,0,0,0,768,0,767,0,765,0,96,0,32,0,32,0,1792,0,2032,0,1088,0,96,0,544,0,848,0,2,0,1264,0,1927424,1,0,0,0,0,0,0,0,1,4,0,0,0,0,0,0
120,1937554,16146.2,120464,1,0,0,0,768,0,767,0,765,0,96,0,32,0,32,0,1792,0,2032,0,1088,0,96,0,544,0,848,0,2,0,1264,0,1927424,1,0,0,0,0,0,0,0,1,4,0,0,0,0,0,0
